,Name,Name,Price,Name,Link,Name,Image,Name
0,34,.,195,.,87,.,465334433,/
1,42,.,1,.,101,.,402587091,/
2,20,.,5,.,79,.,463725871,/
3,11,.,75,.,64,.,412794245,/
4,40,.,120,.,89,.,439088061,/
5,17,.,1,.,68,.,451238889,/
6,11,.,120,.,62,.,451065663,/
7,28,.,80,.,79,.,458570222,/
8,49,.,49,.,100,.,8309650793,/
9,27,.,1,.,78,.,473441176,/
10,24,.,80,.,80,.,472324463,/
11,49,.,429,.,106,.,495510448,/
12,35,.,140,.,88,.,405329897,/
13,32,.,20,.,91,.,444758239,/
14,28,.,65,.,77,.,425894751,/
15,26,.,165,.,82,.,404004896,/
16,11,.,30,.,62,.,458512480,/
17,17,.,120,.,70,.,490788906,/
18,18,.,0,.,73,.,482861580,/
19,27,.,170,.,78,.,494856713,/
20,27,.,25,.,86,.,460763437,/
21,28,.,120,.,79,.,487438767,/
22,27,.,150,.,77,.,496645734,/
23,11,.,180,.,62,.,426357729,/
24,29,.,440,.,90,.,484337127,/
25,9,.,2,.,60,.,496615821,/
26,41,.,30,.,94,.,483816407,/
27,30,.,320,.,79,.,474101102,/
28,14,.,10,.,65,.,452002959,/
29,45,.,110,.,98,.,448114569,/
30,18,.,35,.,69,.,489851610,/
31,22,.,50,.,81,.,419281086,/
32,28,.,1,.,82,.,448010425,/
33,11,.,175,.,64,.,489435034,/
34,28,.,620,.,79,.,494278251,/
35,39,.,399,.,94,.,443745670,/
36,9,.,5,.,64,.,465624185,/
37,37,.,452,.,92,.,443526042,/
38,15,.,5,.,70,.,499792734,/
39,26,.,120,.,85,.,467383293,/
40,34,.,195,.,87,.,465334433,/
41,42,.,1,.,101,.,402587091,/
42,20,.,5,.,79,.,463725871,/
43,11,.,75,.,64,.,412794245,/
44,40,.,120,.,89,.,439088061,/
45,17,.,1,.,68,.,451238889,/
46,11,.,120,.,62,.,451065663,/
47,28,.,80,.,79,.,458570222,/
48,49,.,49,.,100,.,8309650793,/
49,27,.,1,.,78,.,473441176,/
50,24,.,80,.,80,.,472324463,/
51,49,.,429,.,106,.,495510448,/
52,35,.,140,.,88,.,405329897,/
53,32,.,20,.,91,.,444758239,/
54,28,.,65,.,77,.,425894751,/
55,26,.,165,.,82,.,404004896,/
56,11,.,30,.,62,.,458512480,/
57,17,.,120,.,70,.,490788906,/
58,18,.,0,.,73,.,482861580,/
59,27,.,170,.,78,.,494856713,/
60,27,.,25,.,86,.,460763437,/
61,28,.,120,.,79,.,487438767,/
62,27,.,150,.,77,.,496645734,/
63,11,.,180,.,62,.,426357729,/
64,29,.,440,.,90,.,484337127,/
65,9,.,2,.,60,.,496615821,/
66,41,.,30,.,94,.,483816407,/
67,30,.,320,.,79,.,474101102,/
68,14,.,10,.,65,.,452002959,/
69,45,.,110,.,98,.,448114569,/
70,18,.,35,.,69,.,489851610,/
71,22,.,50,.,81,.,419281086,/
72,28,.,1,.,82,.,448010425,/
73,11,.,175,.,64,.,489435034,/
74,28,.,620,.,79,.,494278251,/
75,39,.,399,.,94,.,443745670,/
76,9,.,5,.,64,.,465624185,/
77,37,.,452,.,92,.,443526042,/
78,15,.,5,.,70,.,499792734,/
79,26,.,120,.,85,.,467383293,/
80,28,.,30,.,89,.,476387121,/
81,9,.,50,.,62,.,413755263,/
82,19,.,0,.,75,.,0,/
83,45,.,4,.,98,.,497379891,/
84,13,.,20,.,72,.,489452565,/
85,50,.,16,.,101,.,436732960,/
86,28,.,580,.,81,.,400047424,/
87,38,.,250,.,99,.,466417126,/
88,10,.,4,.,63,.,439192205,/
89,39,.,80,.,90,.,440771896,/
90,27,.,20,.,86,.,422324984,/
91,9,.,8,.,62,.,495667185,/
92,28,.,139,.,83,.,499318416,/
93,21,.,4,.,74,.,486235441,/
94,17,.,239,.,72,.,471260343,/
95,33,.,357,.,86,.,9775521479,/
96,23,.,50,.,74,.,400481531,/
97,38,.,150,.,91,.,437942477,/
98,16,.,100,.,69,.,470843767,/
99,20,.,250,.,71,.,9600162415,/
100,5,.,50,.,56,.,459624044,/
101,16,.,5,.,75,.,486773692,/
102,20,.,149,.,75,.,480113625,/
103,18,.,19,.,69,.,477937941,/
104,14,.,19,.,65,.,446616342,/
105,14,.,30,.,75,.,492184031,/
106,40,.,539,.,95,.,423789191,/
107,21,.,19,.,72,.,445395485,/
108,45,.,125,.,100,.,435680180,/
109,47,.,267,.,102,.,475212666,/
110,19,.,1,.,73,.,0,/
111,27,.,10,.,78,.,469744585,/
112,44,.,690,.,95,.,445366614,/
113,28,.,0,.,89,.,0,/
114,22,.,1,.,73,.,459508560,/
115,49,.,250,.,108,.,5173710988,/
116,37,.,400,.,88,.,479506292,/
117,25,.,400,.,76,.,441941202,/
118,12,.,8,.,67,.,432741468,/
119,17,.,159,.,72,.,5772880474,/
120,21,.,10,.,74,.,419368741,/
121,39,.,589,.,94,.,7665973692,/
122,20,.,9,.,75,.,493382208,/
123,30,.,419,.,85,.,1306764405,/
124,11,.,120,.,62,.,417164186,/
125,48,.,25,.,99,.,428633450,/
126,50,.,5,.,101,.,450182002,/
127,19,.,520,.,70,.,9616857452,/
128,36,.,120,.,89,.,487960529,/
129,13,.,0,.,68,.,458039204,/
130,22,.,6,.,73,.,0,/
131,47,.,8,.,98,.,460110744,/
132,33,.,1,.,82,.,6561739425,/
133,34,.,18,.,87,.,443555955,/
134,26,.,30,.,77,.,482180016,/
135,37,.,10,.,88,.,407570556,/
136,33,.,40,.,90,.,468888753,/
137,9,.,0,.,70,.,407749973,/
138,28,.,25,.,79,.,427568288,/
139,28,.,12,.,81,.,437150578,/
140,9,.,0,.,70,.,478783475,/
141,29,.,4,.,85,.,459069304,/
142,30,.,30,.,85,.,475103373,/
143,18,.,30,.,73,.,496397235,/
144,10,.,9,.,61,.,425722567,/
145,7,.,50,.,58,.,422354897,/
146,42,.,0,.,95,.,437821844,/
147,24,.,360,.,75,.,499013217,/
148,21,.,50,.,74,.,417586953,/
149,47,.,590,.,98,.,409243051,/
150,9,.,25,.,60,.,430282223,/
151,23,.,200,.,74,.,456627590,/
152,34,.,7,.,85,.,445124306,/
153,24,.,40,.,81,.,440176945,/
154,34,.,25,.,85,.,497560350,/
155,17,.,110,.,76,.,438880815,/
156,18,.,15,.,73,.,491704564,/
157,40,.,490,.,91,.,441444204,/
158,26,.,10,.,79,.,431624755,/
159,23,.,5,.,74,.,499215314,/
160,37,.,49,.,88,.,9224745914,/
161,15,.,75,.,74,.,483194669,/
162,18,.,0,.,71,.,0,/
163,33,.,10,.,88,.,413565548,/
164,23,.,80,.,77,.,448150673,/
165,10,.,10,.,65,.,480068265,/
166,23,.,80,.,77,.,0,/
167,26,.,10,.,81,.,449626220,/
168,33,.,10,.,88,.,474496040,/
169,28,.,20,.,79,.,442966153,/
170,32,.,15,.,87,.,439494339,/
171,10,.,240,.,66,.,0,/
172,34,.,475,.,87,.,489725828,/
173,11,.,15,.,62,.,481902646,/
174,26,.,120,.,81,.,491409663,/
175,30,.,0,.,81,.,0,/
176,12,.,50,.,71,.,410811402,/
177,30,.,2,.,81,.,473813434,/
178,41,.,0,.,92,.,0,/
179,14,.,30,.,65,.,434772797,/
180,17,.,500,.,68,.,449123031,/
181,5,.,100,.,60,.,465365388,/
182,25,.,325,.,81,.,9584718270,/
183,25,.,150,.,76,.,401142499,/
184,21,.,65,.,75,.,425595743,/
185,24,.,89,.,79,.,443446662,/
186,39,.,180,.,98,.,424016052,/
187,26,.,1,.,77,.,498341951,/
188,14,.,200,.,71,.,435698753,/
189,32,.,14,.,83,.,460956278,/
190,46,.,25,.,97,.,481312844,/
191,44,.,10,.,98,.,443001215,/
192,20,.,60,.,75,.,485826098,/
193,11,.,100,.,70,.,490877603,/
194,42,.,70,.,93,.,474114526,/
195,35,.,130,.,96,.,476874863,/
196,34,.,94,.,88,.,467379186,/
197,43,.,0,.,94,.,475075544,/
198,30,.,620,.,89,.,9372322191,/
199,45,.,330,.,98,.,428280807,/
200,37,.,0,.,96,.,405511398,/
201,20,.,15,.,79,.,400720774,/
202,28,.,300,.,87,.,444135459,/
203,16,.,100,.,67,.,423825295,/
204,49,.,200,.,100,.,431336045,/
205,31,.,6,.,82,.,491103422,/
206,28,.,5,.,79,.,496826193,/
207,26,.,100,.,77,.,411593003,/
208,12,.,20,.,63,.,408085085,/
209,25,.,3,.,76,.,405037080,/
210,19,.,10,.,70,.,406020778,/
211,48,.,30,.,104,.,481133427,/
212,23,.,15,.,84,.,448892063,/
213,49,.,1,.,108,.,5542037483,/
214,49,.,0,.,102,.,435363641,/
215,32,.,240,.,83,.,488812254,/
216,26,.,800,.,77,.,0,/
217,6,.,250,.,62,.,417541593,/
218,12,.,3,.,71,.,429432582,/
219,9,.,50,.,70,.,478888661,/
220,17,.,2,.,76,.,458161921,/
221,42,.,85,.,91,.,487099548,/
222,41,.,1,.,92,.,302563430,/
223,35,.,80,.,84,.,441607132,/
224,37,.,345,.,90,.,5308496985,/
225,50,.,495,.,103,.,5307929863,/
226,37,.,295,.,90,.,7075926522,/
227,14,.,60,.,73,.,0,/
228,21,.,25,.,80,.,489223681,/
229,11,.,300,.,64,.,499424644,/
230,15,.,50,.,71,.,414087310,/
231,37,.,89,.,90,.,2884954916,/
232,45,.,177,.,98,.,4903814978,/
233,37,.,198,.,90,.,7286289249,/
234,44,.,150,.,95,.,409498783,/
235,13,.,40,.,66,.,415196790,/
236,11,.,120,.,65,.,474734241,/
237,31,.,90,.,86,.,422506485,/
238,44,.,127,.,98,.,9913080256,/
239,21,.,20,.,74,.,419214088,/
240,28,.,110,.,83,.,483436977,/
241,30,.,1,.,89,.,426667096,/
242,50,.,235,.,105,.,3538919715,/
243,29,.,50,.,80,.,427320831,/
244,30,.,170,.,81,.,406802379,/
245,42,.,218,.,97,.,7285447447,/
246,24,.,239,.,79,.,5497483030,/
247,29,.,2,.,88,.,458746574,/
248,28,.,10,.,79,.,438847837,/
249,32,.,90,.,83,.,463069071,/
250,43,.,10,.,98,.,403897687,/
251,12,.,10,.,62,.,400709434,/
252,25,.,200,.,84,.,424774973,/
253,31,.,439,.,85,.,6349194980,/
254,17,.,12,.,71,.,465215884,/
255,25,.,10,.,76,.,477055322,/
256,16,.,12,.,67,.,407885072,/
257,46,.,3,.,97,.,418479931,/
258,22,.,50,.,81,.,431406169,/
259,17,.,12,.,71,.,477598722,/
260,11,.,0,.,66,.,482054234,/
261,15,.,12,.,69,.,490756970,/
262,21,.,0,.,72,.,0,/
263,15,.,40,.,68,.,481041665,/
264,32,.,450,.,83,.,0,/
265,13,.,15,.,66,.,411454839,/
266,28,.,8,.,79,.,408538807,/
267,22,.,8,.,73,.,443644652,/
268,18,.,8,.,69,.,464579680,/
269,23,.,10,.,74,.,403678059,/
270,26,.,10,.,77,.,499922684,/
271,41,.,40,.,92,.,484559881,/
272,38,.,40,.,89,.,460986191,/
273,34,.,60,.,85,.,474613608,/
274,23,.,15,.,74,.,483396766,/
275,49,.,25,.,100,.,472177043,/
276,31,.,135,.,86,.,476557282,/
277,20,.,2,.,79,.,9884467504,/
278,19,.,1,.,70,.,303234696,/
279,27,.,10,.,78,.,443031128,/
280,45,.,20,.,96,.,453029994,/
281,21,.,50,.,72,.,472744165,/
282,16,.,90,.,69,.,463237148,/
283,9,.,0,.,64,.,430231714,/
284,26,.,15,.,79,.,410696960,/
285,5,.,0,.,60,.,445878078,/
286,10,.,10,.,61,.,498493539,/
287,25,.,650,.,84,.,464892112,/
288,14,.,10,.,69,.,371762551,/
289,25,.,888,.,78,.,421187675,/
290,21,.,800,.,72,.,499969086,/
291,27,.,100,.,81,.,415436033,/
292,9,.,1,.,64,.,459915880,/
293,48,.,25,.,99,.,9204684249,/
294,49,.,2,.,104,.,412010621,/
295,28,.,35,.,81,.,377428622,/
296,41,.,0,.,90,.,9313781554,/
297,28,.,1,.,79,.,419313083,/
298,31,.,100,.,82,.,449622113,/
299,44,.,650,.,95,.,486099361,/
300,18,.,12,.,79,.,347603166,/
301,23,.,250,.,76,.,319053244,/
302,48,.,10,.,99,.,5233850501,/
303,39,.,17,.,98,.,331956802,/
304,23,.,5,.,82,.,317785985,/
305,26,.,0,.,85,.,356930766,/
306,35,.,9,.,94,.,0,/
307,46,.,7,.,105,.,0,/
308,27,.,8,.,86,.,0,/
309,45,.,14,.,102,.,465152993,/
310,37,.,1,.,92,.,412057023,/
311,38,.,250,.,99,.,472599810,/
312,25,.,10,.,78,.,419075924,/
313,29,.,3,.,82,.,432650748,/
314,26,.,40,.,87,.,496873637,/
315,31,.,10,.,84,.,435526569,/
316,30,.,10,.,83,.,433142597,/
317,50,.,0,.,105,.,415008117,/
318,19,.,3,.,72,.,463764059,/
319,38,.,70,.,89,.,426794962,/
320,32,.,5,.,85,.,454436459,/
321,14,.,50,.,73,.,454540603,/
322,26,.,300,.,80,.,383681369,/
323,37,.,29,.,88,.,411715720,/
324,28,.,25,.,79,.,353314597,/
325,23,.,0,.,77,.,0,/
326,41,.,550,.,92,.,499616443,/
327,36,.,26,.,87,.,433113726,/
328,16,.,395,.,71,.,492076822,/
329,15,.,135,.,66,.,89207436,/
330,26,.,3,.,75,.,477205868,/
331,21,.,0,.,74,.,0,/
332,39,.,100,.,95,.,425261673,/
333,45,.,6,.,100,.,409378150,/
334,15,.,100,.,72,.,487771856,/
335,16,.,0,.,65,.,0,/
336,9,.,0,.,59,.,448910636,/
337,41,.,10,.,96,.,457717516,/
338,22,.,20,.,77,.,433235401,/
339,50,.,10,.,105,.,482691480,/
340,42,.,15,.,97,.,405981609,/
341,12,.,25,.,67,.,471575901,/
342,29,.,0,.,84,.,0,/
343,18,.,800,.,69,.,0,/
344,23,.,30,.,74,.,364447707,/
345,40,.,20,.,91,.,371830591,/
346,32,.,16,.,93,.,355658358,/
347,36,.,100,.,87,.,333710761,/
348,11,.,20,.,62,.,329109852,/
349,20,.,20,.,71,.,352787686,/
350,12,.,15,.,69,.,392632604,/
351,18,.,25,.,69,.,378953636,/
352,11,.,0,.,70,.,0,/
353,36,.,50,.,95,.,399055512,/
354,43,.,30,.,94,.,366541927,/
355,45,.,8,.,96,.,312422048,/
356,38,.,20,.,95,.,342343373,/
357,20,.,60,.,75,.,313405746,/
358,49,.,200,.,100,.,301485886,/
359,36,.,7,.,89,.,368092747,/
360,8,.,10,.,61,.,343402344,/
361,32,.,0,.,87,.,0,/
362,40,.,140,.,91,.,393008969,/
363,25,.,0,.,84,.,305704239,/
364,9,.,20,.,62,.,300160885,/
365,36,.,9,.,92,.,349512820,/
366,29,.,1,.,80,.,7510039047,/
367,18,.,100,.,69,.,350108813,/
368,5,.,0,.,58,.,394380372,/
369,12,.,10,.,63,.,365651033,/
370,5,.,0,.,55,.,398552323,/
371,25,.,5,.,76,.,9563003664,/
372,24,.,3,.,85,.,399298862,/
373,37,.,20,.,88,.,312636527,/
374,11,.,20,.,72,.,321755839,/
375,35,.,450,.,86,.,325823646,/
376,46,.,2,.,99,.,369499212,/
377,46,.,750,.,105,.,397140709,/
378,17,.,250,.,68,.,383461741,/
379,24,.,20,.,73,.,346076068,/
380,28,.,10,.,79,.,382345028,/
381,7,.,45,.,60,.,369904448,/
382,15,.,380,.,76,.,325945321,/
383,29,.,15,.,80,.,399675227,/
384,22,.,15,.,78,.,327629156,/
385,31,.,12,.,82,.,370037463,/
386,24,.,20,.,75,.,371721298,/
387,24,.,20,.,75,.,354854077,/
388,21,.,23,.,74,.,387367662,/
389,31,.,35,.,82,.,330939084,/
390,50,.,148,.,103,.,6631003556,/
391,32,.,0,.,83,.,360889280,/
392,23,.,500,.,78,.,376639788,/
393,13,.,300,.,68,.,334306754,/
394,33,.,65,.,84,.,340237813,/
395,50,.,800,.,105,.,396041527,/
396,39,.,7,.,92,.,359668423,/
397,50,.,100,.,101,.,359043559,/
398,38,.,25,.,99,.,351475067,/
399,49,.,280,.,105,.,376506773,/
400,49,.,195,.,100,.,309379192,/
401,14,.,85,.,69,.,312046725,/
402,26,.,650,.,77,.,331164903,/
403,19,.,35,.,72,.,91450179,/
404,20,.,55,.,75,.,326605247,/
405,13,.,45,.,66,.,71736008,/
406,18,.,40,.,71,.,44378072,/
407,20,.,60,.,73,.,12772912,/
408,14,.,33,.,65,.,353546607,/
409,19,.,50,.,72,.,315593812,/
410,34,.,0,.,85,.,354530305,/
411,17,.,30,.,70,.,301394124,/
412,13,.,5,.,64,.,376316016,/
413,34,.,155,.,85,.,365096293,/
414,5,.,150,.,66,.,398489432,/
415,46,.,0,.,99,.,0,/
416,21,.,5,.,74,.,381130362,/
417,22,.,135,.,73,.,307296312,/
418,36,.,85,.,87,.,394959876,/
419,33,.,14,.,84,.,303824498,/
420,31,.,170,.,86,.,359315780,/
421,30,.,20,.,83,.,354160131,/
422,37,.,0,.,93,.,387344982,/
423,50,.,7,.,103,.,356411088,/
424,27,.,12,.,80,.,338589040,/
425,22,.,20,.,77,.,332837398,/
426,13,.,50,.,64,.,309518398,/
427,29,.,100,.,84,.,301220898,/
428,29,.,40,.,80,.,359975706,/
429,30,.,5,.,85,.,344803660,/
430,16,.,200,.,67,.,375992244,/
431,20,.,35,.,71,.,354981943,/
432,34,.,75,.,85,.,369228033,/
433,39,.,50,.,90,.,381923303,/
434,24,.,0,.,83,.,0,/
435,11,.,0,.,72,.,0,/
436,41,.,5,.,94,.,325085382,/
437,22,.,0,.,73,.,386766520,/
438,14,.,6,.,69,.,313216031,/
439,48,.,80,.,99,.,398912199,/
440,9,.,0,.,60,.,360675843,/
441,8,.,15,.,67,.,399924768,/
442,25,.,280,.,78,.,336373145,/
443,35,.,0,.,88,.,339816088,/
444,20,.,150,.,81,.,363418649,/
445,12,.,30,.,71,.,376860458,/
446,47,.,200,.,98,.,310924863,/
447,22,.,22,.,71,.,390643570,/
448,34,.,5,.,93,.,375772616,/
449,28,.,120,.,87,.,331368042,/
450,10,.,10,.,69,.,342350606,/
451,43,.,22,.,92,.,314113116,/
452,11,.,7,.,66,.,315976368,/
453,46,.,596,.,99,.,84219864,/
454,28,.,110,.,79,.,382432683,/
455,21,.,10,.,82,.,357499972,/
456,18,.,170,.,71,.,384446481,/
457,15,.,0,.,64,.,304577228,/
458,11,.,10,.,66,.,327838486,/
459,36,.,590,.,87,.,346227656,/
460,6,.,30,.,65,.,367087411,/
461,22,.,60,.,73,.,359310631,/
462,15,.,130,.,74,.,337241359,/
463,35,.,120,.,94,.,319182152,/
464,27,.,10,.,88,.,339804748,/
465,43,.,120,.,94,.,334649099,/
466,27,.,75,.,80,.,367342101,/
467,21,.,15,.,80,.,343455979,/
468,9,.,0,.,62,.,0,/
469,31,.,10,.,84,.,347807347,/
470,14,.,140,.,65,.,359281760,/
471,29,.,10,.,82,.,394954727,/
472,11,.,150,.,62,.,347182483,/
473,46,.,85,.,99,.,341193682,/
474,11,.,130,.,62,.,394254590,/
475,37,.,150,.,92,.,351609124,/
476,14,.,15,.,69,.,395134144,/
477,17,.,200,.,68,.,345782209,/
478,36,.,360,.,87,.,371577985,/
479,38,.,300,.,93,.,374662094,/
480,17,.,10,.,70,.,354664362,/
481,24,.,380,.,75,.,300260922,/
482,10,.,5,.,61,.,346841180,/
483,44,.,1,.,105,.,302824311,/
484,33,.,80,.,92,.,332641492,/
485,18,.,10,.,69,.,329280013,/
486,31,.,100,.,85,.,329169678,/
487,11,.,5,.,66,.,377023386,/
488,31,.,380,.,82,.,355931621,/
489,18,.,20,.,69,.,392900718,/
490,38,.,400,.,91,.,337097004,/
491,27,.,0,.,80,.,379401167,/
492,27,.,0,.,80,.,338856112,/
493,44,.,490,.,97,.,335488442,/
494,11,.,5,.,66,.,392177901,/
495,28,.,75,.,83,.,392559415,/
496,37,.,85,.,90,.,390071299,/
497,50,.,400,.,103,.,349138539,/
498,25,.,800,.,76,.,349109668,/
499,32,.,5,.,85,.,300562014,/
500,32,.,40,.,85,.,318384062,/
501,11,.,5,.,66,.,390881771,/
502,16,.,70,.,71,.,374488868,/
503,27,.,1,.,88,.,371387228,/
504,18,.,20,.,79,.,314599816,/
505,10,.,60,.,66,.,344625285,/
506,39,.,500,.,90,.,360867642,/
507,24,.,100,.,77,.,324691486,/
508,15,.,45,.,70,.,309311152,/
509,13,.,35,.,64,.,350035624,/
510,11,.,25,.,72,.,321097997,/
511,10,.,10,.,69,.,376797567,/
512,48,.,100,.,107,.,319593579,/
513,28,.,150,.,89,.,374025890,/
514,5,.,0,.,56,.,375113732,/
515,34,.,2,.,85,.,403845094,/
516,22,.,35,.,75,.,391743794,/
517,10,.,0,.,61,.,332173365,/
518,22,.,1,.,73,.,6979379824,/
519,24,.,45,.,77,.,362597879,/
520,33,.,260,.,92,.,349457162,/
521,41,.,30,.,94,.,390239376,/
522,10,.,1,.,61,.,399121529,/
523,11,.,2,.,66,.,344330384,/
524,44,.,95,.,103,.,353704386,/
525,11,.,5,.,66,.,332694085,/
526,42,.,82,.,101,.,301164198,/
527,33,.,15,.,86,.,348196094,/
528,50,.,92,.,109,.,348907571,/
529,17,.,50,.,76,.,344064354,/
530,24,.,560,.,79,.,0,/
531,17,.,15,.,73,.,337896136,/
532,21,.,20,.,72,.,387948208,/
533,26,.,70,.,81,.,375611772,/
534,31,.,10,.,82,.,365601566,/
535,9,.,20,.,70,.,334111890,/
536,30,.,129,.,85,.,7632522811,/
537,31,.,309,.,86,.,6853628488,/
538,13,.,20,.,64,.,367192597,/
539,15,.,190,.,66,.,392166561,/
540,42,.,150,.,93,.,321104188,/
541,12,.,10,.,67,.,342398050,/
542,42,.,35,.,93,.,306696212,/
543,32,.,0,.,87,.,2612942006,/
544,37,.,320,.,88,.,366747150,/
545,36,.,80,.,92,.,346020410,/
546,44,.,40,.,103,.,312314839,/
547,26,.,5,.,79,.,354023009,/
548,13,.,0,.,68,.,0,/
549,20,.,30,.,73,.,302258231,/
550,16,.,0,.,69,.,338394176,/
551,17,.,1,.,68,.,343370408,/
552,17,.,1,.,68,.,327799317,/
553,31,.,200,.,90,.,398983365,/
554,34,.,10,.,85,.,330200820,/
555,15,.,150,.,66,.,346159616,/
556,28,.,180,.,79,.,362893822,/
557,19,.,60,.,73,.,368796010,/
558,39,.,123,.,92,.,330276093,/
559,20,.,65,.,79,.,379761043,/
560,8,.,20,.,59,.,371388270,/
561,50,.,5,.,101,.,327967394,/
562,47,.,5,.,98,.,334882151,/
563,29,.,0,.,80,.,364028066,/
564,30,.,0,.,91,.,0,/
565,25,.,0,.,76,.,320011197,/
566,26,.,120,.,77,.,329703822,/
567,40,.,209,.,95,.,302964559,/
568,12,.,0,.,63,.,310191748,/
569,49,.,5,.,100,.,355088171,/
570,23,.,250,.,74,.,336641259,/
571,50,.,5,.,101,.,391536548,/
572,28,.,229,.,83,.,331485610,/
573,30,.,45,.,89,.,477579107,/
574,45,.,5,.,96,.,333348862,/
575,23,.,1,.,82,.,8221841893,/
576,16,.,90,.,71,.,353763170,/
577,48,.,5,.,99,.,382104804,/
578,14,.,5,.,73,.,367621555,/
579,38,.,5,.,97,.,340686386,/
580,50,.,10,.,109,.,301333317,/
581,40,.,160,.,93,.,318165476,/
582,28,.,1,.,77,.,4966664380,/
583,23,.,10,.,74,.,387231582,/
584,43,.,80,.,96,.,363553748,/
585,50,.,5,.,101,.,368009260,/
586,27,.,1,.,76,.,4906104062,/
587,16,.,5,.,75,.,302490241,/
588,50,.,5,.,101,.,384251617,/
589,50,.,470,.,103,.,355805839,/
590,20,.,20,.,71,.,391166374,/
591,13,.,5,.,72,.,328552047,/
592,20,.,450,.,73,.,364120870,/
593,16,.,5,.,75,.,374611585,/
594,47,.,5,.,98,.,325259650,/
595,31,.,170,.,86,.,354914945,/
596,48,.,225,.,99,.,340281150,/
597,20,.,20,.,71,.,314948352,/
598,42,.,5,.,93,.,332382695,/
599,30,.,4,.,89,.,329194442,/
600,42,.,10,.,93,.,1929000804,/
601,50,.,465,.,103,.,348237347,/
602,28,.,200,.,79,.,335050228,/
603,9,.,0,.,65,.,384998156,/
604,29,.,90,.,88,.,331861975,/
605,35,.,5,.,96,.,349892311,/
606,41,.,5,.,102,.,312639653,/
607,38,.,38,.,97,.,342381561,/
608,45,.,465,.,98,.,348416764,/
609,45,.,850,.,104,.,302507772,/
610,28,.,30,.,79,.,347016490,/
611,25,.,150,.,78,.,396964418,/
612,45,.,440,.,98,.,320150403,/
613,40,.,0,.,90,.,308334687,/
614,8,.,5,.,62,.,374241411,/
615,39,.,5,.,100,.,323593346,/
616,47,.,580,.,100,.,387503803,/
617,25,.,10,.,80,.,328124131,/
618,34,.,5,.,85,.,320405093,/
619,29,.,25,.,88,.,370248877,/
620,37,.,5,.,98,.,366181070,/
621,29,.,25,.,88,.,344187071,/
622,21,.,75,.,80,.,304834002,/
623,42,.,560,.,95,.,303046023,/
624,45,.,1,.,104,.,308485233,/
625,30,.,504,.,85,.,326978547,/
626,37,.,540,.,90,.,345246042,/
627,31,.,300,.,82,.,304284411,/
628,22,.,40,.,81,.,368715588,/
629,12,.,1,.,63,.,8416855241,/
630,26,.,1,.,77,.,9862329150,/
631,47,.,2,.,98,.,363455795,/
632,30,.,250,.,83,.,311795161,/
633,28,.,45,.,79,.,348451826,/
634,23,.,49,.,74,.,355962576,/
635,49,.,27,.,108,.,313062420,/
636,10,.,539,.,64,.,317517932,/
637,16,.,5,.,67,.,357646411,/
638,20,.,500,.,71,.,368420687,/
639,47,.,69,.,102,.,5669224155,/
640,29,.,172,.,84,.,5778278431,/
641,43,.,2,.,98,.,783091166,/
642,46,.,1,.,101,.,7516060887,/
643,44,.,389,.,99,.,8943007885,/
644,28,.,465,.,83,.,1340828810,/
645,44,.,269,.,99,.,6909056047,/
646,42,.,235,.,97,.,4127979661,/
647,34,.,390,.,85,.,364948873,/
648,10,.,60,.,64,.,318860464,/
649,24,.,500,.,75,.,302427350,/
650,47,.,279,.,102,.,350778056,/
651,22,.,4,.,79,.,393707083,/
652,47,.,0,.,100,.,351553466,/
653,47,.,0,.,100,.,377511128,/
654,36,.,500,.,91,.,371655342,/
655,16,.,4,.,73,.,362073052,/
656,13,.,300,.,64,.,346160658,/
657,29,.,140,.,80,.,374785853,/
658,10,.,6,.,67,.,390102254,/
659,20,.,25,.,71,.,313930634,/
660,21,.,25,.,72,.,309191561,/
661,48,.,540,.,101,.,346056514,/
662,17,.,50,.,72,.,340200728,/
663,50,.,495,.,103,.,361598734,/
664,19,.,4,.,76,.,387405850,/
665,44,.,595,.,97,.,381417049,/
666,15,.,0,.,64,.,301131220,/
667,48,.,10,.,103,.,336520626,/
668,39,.,0,.,98,.,0,/
669,37,.,210,.,90,.,368825923,/
670,19,.,3,.,76,.,354788121,/
671,35,.,50,.,94,.,343927232,/
672,46,.,200,.,107,.,362761849,/
673,40,.,15,.,95,.,389911497,/
674,24,.,2,.,81,.,327297170,/
675,24,.,60,.,83,.,358173322,/
676,39,.,2,.,92,.,393354440,/
677,11,.,0,.,66,.,0,/
678,20,.,0,.,71,.,9455958098,/
679,26,.,2,.,79,.,396797383,/
680,28,.,100,.,79,.,388841186,/
681,10,.,120,.,69,.,383373105,/
682,17,.,350,.,68,.,319821482,/
683,22,.,30,.,75,.,351767945,/
684,21,.,175,.,72,.,312802581,/
685,36,.,15,.,89,.,397648066,/
686,18,.,60,.,71,.,388708171,/
687,37,.,0,.,96,.,0,/
688,21,.,70,.,74,.,334455277,/
689,7,.,270,.,58,.,342978596,/
690,50,.,15,.,103,.,366164581,/
691,18,.,80,.,71,.,328703635,/
692,21,.,0,.,72,.,0,/
693,17,.,0,.,68,.,383107075,/
694,22,.,660,.,75,.,321939424,/
695,23,.,40,.,74,.,318259322,/
696,45,.,12,.,96,.,386955254,/
697,41,.,5,.,92,.,344812977,/
698,29,.,10,.,90,.,364527148,/
699,14,.,15,.,75,.,303567785,/
700,46,.,325,.,99,.,338465342,/
701,34,.,5,.,85,.,311703399,/
702,22,.,25,.,73,.,302584087,/
703,47,.,5,.,98,.,383049333,/
704,8,.,2,.,59,.,395223883,/
705,16,.,100,.,75,.,366494544,/
706,45,.,5,.,96,.,324757503,/
707,24,.,20,.,75,.,346647358,/
708,36,.,200,.,89,.,374497143,/
709,50,.,5,.,101,.,356750368,/
710,19,.,150,.,72,.,333888155,/
711,30,.,1,.,85,.,341659786,/
712,42,.,5,.,93,.,319468839,/
713,34,.,10,.,85,.,320452537,/
714,38,.,280,.,91,.,390398197,/
715,37,.,5,.,88,.,341954687,/
716,42,.,150,.,92,.,368896047,/
717,16,.,150,.,69,.,324207912,/
718,27,.,3,.,86,.,353741532,/
719,49,.,5,.,100,.,399129804,/
720,29,.,30,.,88,.,345293486,/
721,32,.,5,.,83,.,363040261,/
722,15,.,100,.,74,.,379774467,/
723,40,.,5,.,91,.,392857442,/
724,9,.,0,.,65,.,358810568,/
725,29,.,495,.,80,.,382025424,/
726,27,.,5,.,82,.,373710393,/
727,30,.,25,.,85,.,389848606,/
728,43,.,0,.,98,.,361611116,/
729,14,.,10,.,67,.,374202242,/
730,10,.,50,.,71,.,0,/
731,18,.,5,.,71,.,376869775,/
732,20,.,5,.,73,.,343656053,/
733,38,.,60,.,89,.,300935314,/
734,18,.,5,.,71,.,331169071,/
735,12,.,5,.,65,.,376945048,/
736,18,.,550,.,69,.,338442662,/
737,26,.,5,.,79,.,319949348,/
738,23,.,5,.,76,.,373369090,/
739,11,.,250,.,68,.,326864105,/
740,18,.,5,.,71,.,397642917,/
741,13,.,5,.,66,.,303678120,/
742,21,.,800,.,72,.,316136231,/
743,17,.,5,.,70,.,307045790,/
744,11,.,5,.,64,.,335283280,/
745,18,.,5,.,71,.,356085293,/
746,9,.,10,.,62,.,381446962,/
747,47,.,0,.,98,.,0,/
748,21,.,5,.,74,.,357456696,/
749,17,.,5,.,70,.,338026086,/
750,22,.,20,.,75,.,332274444,/
751,9,.,5,.,62,.,320771160,/
752,17,.,5,.,70,.,346132829,/
753,19,.,5,.,72,.,311443560,/
754,17,.,5,.,70,.,341364885,/
755,22,.,5,.,75,.,371673915,/
756,37,.,5,.,88,.,514884140,/
757,13,.,5,.,66,.,341440158,/
758,5,.,50,.,58,.,380556068,/
759,19,.,10,.,72,.,325556635,/
760,22,.,190,.,81,.,394130892,/
761,22,.,5,.,75,.,387291408,/
762,13,.,35,.,64,.,365968675,/
763,25,.,5,.,78,.,398169828,/
764,12,.,500,.,71,.,388142091,/
765,16,.,10,.,69,.,321043381,/
766,17,.,630,.,68,.,337985875,/
767,16,.,5,.,69,.,330162693,/
768,19,.,5,.,72,.,352052548,/
769,46,.,80,.,99,.,334409917,/
770,9,.,5,.,62,.,348789022,/
771,15,.,5,.,68,.,327570433,/
772,17,.,5,.,70,.,344512927,/
773,45,.,50,.,98,.,302775886,/
774,19,.,5,.,72,.,347180460,/
775,42,.,300,.,93,.,355883196,/
776,8,.,5,.,61,.,389096918,/
777,31,.,299,.,85,.,301138453,/
778,44,.,1,.,95,.,324665741,/
779,13,.,5,.,66,.,352619670,/
780,18,.,50,.,69,.,336944435,/
781,10,.,5,.,63,.,347851726,/
782,15,.,10,.,68,.,350623403,/
783,27,.,100,.,88,.,317201393,/
784,48,.,499,.,103,.,350206827,/
785,24,.,0,.,75,.,335231729,/
786,42,.,7,.,91,.,312329305,/
787,16,.,5,.,69,.,371396545,/
788,23,.,0,.,82,.,0,/
789,14,.,5,.,67,.,303701842,/
790,9,.,20,.,64,.,366912162,/
791,48,.,800,.,97,.,9633248332,/
792,34,.,7,.,83,.,376031474,/
793,24,.,110,.,83,.,326575395,/
794,42,.,1,.,93,.,312092146,/
795,23,.,150,.,82,.,332402310,/
796,45,.,180,.,96,.,352087610,/
797,15,.,0,.,66,.,329601762,/
798,28,.,6,.,77,.,317919061,/
799,24,.,200,.,79,.,320586594,/
800,42,.,5,.,91,.,311854987,/
801,49,.,80,.,100,.,337367202,/
802,22,.,6,.,75,.,311021835,/
803,39,.,520,.,98,.,399518551,/
804,13,.,20,.,64,.,397938860,/
805,27,.,30,.,78,.,324700803,/
806,33,.,4,.,82,.,326668199,/
807,35,.,4,.,84,.,398789543,/
808,11,.,0,.,72,.,0,/
809,38,.,1,.,89,.,350184147,/
810,32,.,7,.,81,.,315732037,/
811,16,.,210,.,69,.,334045934,/
812,20,.,0,.,74,.,326014464,/
813,40,.,24,.,96,.,309071970,/
814,30,.,10,.,79,.,345445074,/
815,22,.,0,.,73,.,0,/
816,26,.,49,.,77,.,323138643,/
817,27,.,650,.,76,.,360107740,/
818,36,.,5,.,85,.,391921188,/
819,20,.,4,.,79,.,364459108,/
820,13,.,5,.,74,.,342256821,/
821,43,.,5,.,92,.,359303459,/
822,10,.,0,.,63,.,380805609,/
823,32,.,5,.,81,.,378033932,/
824,6,.,0,.,62,.,0,/
825,39,.,300,.,100,.,305571285,/
826,39,.,19,.,90,.,317253986,/
827,5,.,100,.,61,.,0,/
828,14,.,150,.,65,.,366993626,/
829,18,.,250,.,79,.,304662860,/
830,36,.,150,.,97,.,398702930,/
831,31,.,6,.,84,.,399894916,/
832,37,.,35,.,90,.,370853145,/
833,9,.,10,.,62,.,361033696,/
834,50,.,7,.,103,.,385411667,/
835,24,.,0,.,77,.,377588485,/
836,22,.,12,.,75,.,384919818,/
837,38,.,5,.,91,.,389375330,/
838,22,.,32,.,75,.,348546714,/
839,50,.,4,.,103,.,341007093,/
840,42,.,6,.,95,.,331187644,/
841,31,.,8,.,84,.,383907249,/
842,36,.,90,.,87,.,336626854,/
843,16,.,35,.,67,.,244201537,/
844,50,.,12,.,103,.,362300955,/
845,6,.,50,.,57,.,215055622,/
846,22,.,15,.,75,.,367456604,/
847,31,.,0,.,90,.,307793371,/
848,15,.,18,.,68,.,350305822,/
849,45,.,30,.,98,.,323543879,/
850,24,.,10,.,77,.,364864344,/
851,10,.,450,.,61,.,7818210582,/
852,19,.,60,.,70,.,251532870,/
853,24,.,3,.,77,.,348309555,/
854,22,.,28,.,75,.,318179942,/
855,23,.,15,.,76,.,384966220,/
856,26,.,5,.,79,.,357608284,/
857,19,.,15,.,72,.,398049195,/
858,39,.,3,.,92,.,322919015,/
859,23,.,2,.,74,.,389213444,/
860,26,.,4,.,79,.,388125602,/
861,45,.,0,.,102,.,349102496,/
862,19,.,6,.,72,.,330846341,/
863,37,.,24,.,90,.,355716161,/
864,33,.,3,.,86,.,391389128,/
865,28,.,8,.,81,.,306543643,/
866,47,.,15,.,100,.,263499132,/
867,50,.,65,.,103,.,210571239,/
868,50,.,0,.,109,.,291736622,/
869,20,.,0,.,81,.,0,/
870,12,.,0,.,73,.,0,/
871,27,.,5,.,78,.,306902477,/
872,17,.,5,.,70,.,316409494,/
873,27,.,15,.,78,.,309674154,/
874,44,.,0,.,95,.,0,/
875,50,.,15,.,101,.,315917645,/
876,40,.,7,.,91,.,301046691,/
877,46,.,15,.,99,.,367653552,/
878,30,.,20,.,83,.,374984885,/
879,35,.,8,.,86,.,345347121,/
880,34,.,10,.,87,.,327108497,/
881,33,.,10,.,86,.,341979451,/
882,36,.,10,.,89,.,387859572,/
883,47,.,10,.,102,.,329880174,/
884,24,.,10,.,77,.,392419228,/
885,49,.,15,.,104,.,339491335,/
886,40,.,20,.,95,.,390527105,/
887,40,.,10,.,95,.,372392625,/
888,39,.,10,.,94,.,307081894,/
889,36,.,890,.,87,.,8506028093,/
890,36,.,10,.,91,.,332547707,/
891,20,.,300,.,71,.,357029822,/
892,27,.,99,.,78,.,368116530,/
893,7,.,300,.,66,.,352441295,/
894,31,.,35,.,82,.,317156033,/
895,15,.,20,.,68,.,314071924,/
896,14,.,15,.,65,.,203864770,/
897,5,.,5,.,56,.,250445028,/
898,32,.,27,.,88,.,224875071,/
899,46,.,59,.,105,.,260056189,/
900,36,.,37,.,92,.,290081658,/
901,32,.,33,.,88,.,252620712,/
902,40,.,1,.,99,.,269563206,/
903,50,.,25,.,106,.,272543171,/
904,41,.,24,.,97,.,268475364,/
905,40,.,249,.,99,.,207620145,/
906,44,.,32,.,100,.,234382088,/
907,30,.,1,.,81,.,279874504,/
908,45,.,1,.,104,.,231014418,/
909,45,.,24,.,101,.,222386955,/
910,48,.,159,.,107,.,232102260,/
911,30,.,24,.,86,.,220211271,/
912,42,.,249,.,101,.,203060489,/
913,21,.,26,.,77,.,221299113,/
914,36,.,1,.,95,.,243397256,/
915,43,.,33,.,102,.,207516001,/
916,38,.,0,.,99,.,0,/
917,29,.,1,.,80,.,273422725,/
918,40,.,750,.,91,.,289769226,/
919,19,.,1,.,70,.,236945477,/
920,48,.,6,.,107,.,297308847,/
921,30,.,1,.,81,.,259043620,/
922,27,.,1,.,78,.,287489398,/
923,23,.,1,.,74,.,236349484,/
924,14,.,400,.,68,.,230389554,/
925,10,.,0,.,63,.,272201868,/
926,16,.,20,.,67,.,295775558,/
927,10,.,100,.,71,.,277045085,/
928,12,.,650,.,63,.,336529882,/
929,14,.,0,.,65,.,201110624,/
930,18,.,0,.,72,.,0,/
931,21,.,55,.,72,.,229035682,/
932,17,.,35,.,68,.,291962441,/
933,13,.,65,.,64,.,218620240,/
934,32,.,2,.,89,.,239318109,/
935,13,.,680,.,72,.,253980775,/
936,30,.,0,.,91,.,0,/
937,29,.,16,.,80,.,275170493,/
938,23,.,15,.,78,.,231361912,/
939,14,.,15,.,69,.,262579367,/
940,21,.,70,.,72,.,252864062,/
941,35,.,52,.,88,.,215403116,/
942,15,.,100,.,66,.,239676943,/
943,16,.,60,.,69,.,288716446,/
944,15,.,80,.,68,.,200995140,/
945,37,.,4,.,90,.,213586266,/
946,36,.,15,.,87,.,297505795,/
947,23,.,250,.,76,.,282490486,/
948,28,.,199,.,79,.,230552482,/
949,19,.,30,.,70,.,237281631,/
950,41,.,1,.,96,.,200104246,/
951,37,.,30,.,88,.,235181220,/
952,21,.,27,.,80,.,209015270,/
953,47,.,30,.,106,.,292043905,/
954,32,.,20,.,91,.,286396407,/
955,25,.,850,.,84,.,245643064,/
956,42,.,350,.,97,.,291939761,/
957,43,.,599,.,99,.,221236222,/
958,5,.,200,.,56,.,268233056,/
959,32,.,15,.,83,.,264657098,/
960,14,.,4,.,73,.,243693199,/
961,5,.,5,.,64,.,0,/
962,19,.,12,.,72,.,281883153,/
963,36,.,7,.,87,.,0,/
964,25,.,100,.,74,.,234811046,/
965,18,.,75,.,69,.,259680866,/
966,42,.,6,.,93,.,245793610,/
967,44,.,6,.,95,.,207244822,/
968,33,.,2,.,88,.,265195349,/
969,10,.,10,.,61,.,214651428,/
970,9,.,60,.,63,.,221490912,/
971,26,.,90,.,79,.,254496346,/
972,29,.,210,.,88,.,297112941,/
973,2,.,1,.,53,.,253692065,/
974,18,.,15,.,69,.,238821111,/
975,32,.,3,.,91,.,233144742,/
976,26,.,250,.,77,.,216485809,/
977,27,.,130,.,86,.,283630921,/
978,15,.,7,.,66,.,276999725,/
979,21,.,10,.,76,.,297697594,/
980,11,.,5,.,64,.,224459537,/
981,49,.,25,.,105,.,242981722,/
982,16,.,3,.,69,.,217695326,/
983,30,.,185,.,81,.,268939384,/
984,8,.,80,.,67,.,295805471,/
985,26,.,4,.,79,.,221554845,/
986,48,.,300,.,109,.,206655020,/
987,15,.,2,.,68,.,287565713,/
988,35,.,450,.,88,.,228394329,/
989,11,.,680,.,64,.,249063327,/
990,25,.,145,.,76,.,245932816,/
991,21,.,2,.,74,.,258315654,/
992,28,.,16,.,93,.,216786901,/
993,25,.,565,.,81,.,275437565,/
994,30,.,40,.,83,.,217070462,/
995,17,.,290,.,68,.,243566375,/
996,38,.,8,.,91,.,229945149,/
997,23,.,14,.,84,.,269298218,/
998,22,.,5,.,73,.,204271048,/
999,2,.,2,.,61,.,242223843,/
1000,21,.,120,.,82,.,255225354,/
1001,19,.,220,.,78,.,223881075,/
1002,23,.,10,.,78,.,223493370,/
1003,18,.,2,.,77,.,233000387,/
1004,19,.,14,.,84,.,283648452,/
1005,15,.,10,.,71,.,233775797,/
1006,35,.,400,.,88,.,220484534,/
1007,18,.,14,.,83,.,261029589,/
1008,9,.,60,.,63,.,242686821,/
1009,20,.,30,.,73,.,229603846,/
1010,28,.,30,.,89,.,274783830,/
1011,14,.,15,.,65,.,261209006,/
1012,8,.,15,.,63,.,438117787,/
1013,31,.,85,.,92,.,298016217,/
1014,16,.,2,.,75,.,9521423360,/
1015,36,.,0,.,87,.,231617644,/
1016,31,.,0,.,84,.,224286311,/
1017,15,.,60,.,74,.,289105193,/
1018,16,.,65,.,77,.,275530369,/
1019,23,.,50,.,82,.,279389888,/
1020,14,.,100,.,67,.,237652847,/
1021,22,.,123,.,73,.,223875926,/
1022,40,.,5,.,95,.,227000246,/
1023,13,.,3,.,72,.,277856599,/
1024,29,.,3,.,88,.,0,/
1025,41,.,3,.,100,.,0,/
1026,40,.,4,.,91,.,207540765,/
1027,28,.,1,.,79,.,292849228,/
1028,32,.,3,.,91,.,0,/
1029,19,.,6,.,72,.,274222899,/
1030,34,.,10,.,83,.,246373114,/
1031,22,.,80,.,73,.,258159959,/
1032,38,.,3,.,97,.,297304740,/
1033,38,.,3,.,97,.,245464689,/
1034,47,.,12,.,96,.,267070983,/
1035,33,.,5,.,92,.,263778586,/
1036,44,.,1,.,95,.,243543695,/
1037,28,.,0,.,79,.,0,/
1038,39,.,10,.,88,.,224141956,/
1039,27,.,475,.,78,.,257326807,/
1040,22,.,0,.,75,.,225976337,/
1041,32,.,0,.,83,.,236362908,/
1042,18,.,20,.,77,.,240563730,/
1043,22,.,450,.,73,.,262453585,/
1044,25,.,150,.,76,.,291674773,/
1045,5,.,5,.,58,.,202790352,/
1046,39,.,20,.,90,.,233411814,/
1047,36,.,135,.,87,.,245378076,/
1048,11,.,3,.,64,.,268876493,/
1049,50,.,25,.,101,.,296830422,/
1050,50,.,350,.,103,.,203953467,/
1051,16,.,90,.,67,.,276491387,/
1052,19,.,350,.,72,.,270039608,/
1053,31,.,15,.,82,.,277104911,/
1054,28,.,10,.,79,.,270398442,/
1055,31,.,8,.,82,.,203432747,/
1056,29,.,10,.,79,.,215040175,/
1057,22,.,10,.,73,.,227828249,/
1058,7,.,5,.,60,.,296205558,/
1059,7,.,5,.,60,.,294105147,/
1060,21,.,70,.,74,.,237421879,/
1061,43,.,199,.,102,.,281126316,/
1062,27,.,105,.,78,.,262187555,/
1063,42,.,6,.,93,.,294001003,/
1064,35,.,250,.,86,.,272498853,/
1065,13,.,20,.,66,.,206979834,/
1066,45,.,149,.,104,.,265942930,/
1067,31,.,10,.,82,.,290529189,/
1068,23,.,80,.,82,.,296639665,/
1069,11,.,5,.,64,.,200811616,/
1070,47,.,159,.,106,.,296356104,/
1071,20,.,34,.,73,.,291663433,/
1072,13,.,5,.,66,.,290859152,/
1073,25,.,15,.,84,.,297802780,/
1074,50,.,199,.,109,.,202674868,/
1075,47,.,4,.,106,.,229720372,/
1076,44,.,19,.,100,.,283140114,/
1077,33,.,170,.,84,.,259433409,/
1078,50,.,390,.,109,.,239823382,/
1079,11,.,125,.,70,.,286212883,/
1080,43,.,65,.,96,.,281398537,/
1081,38,.,15,.,89,.,216608526,/
1082,16,.,35,.,67,.,277463745,/
1083,43,.,200,.,98,.,261684366,/
1084,28,.,1,.,81,.,246321563,/
1085,11,.,4,.,70,.,209456610,/
1086,23,.,8,.,76,.,215312396,/
1087,33,.,7,.,84,.,247976527,/
1088,46,.,129,.,105,.,264560187,/
1089,6,.,80,.,57,.,268807411,/
1090,46,.,769,.,105,.,276347032,/
1091,22,.,26,.,81,.,294585656,/
1092,45,.,5,.,96,.,293393670,/
1093,37,.,270,.,88,.,219548280,/
1094,44,.,1,.,103,.,222123009,/
1095,39,.,85,.,98,.,251836046,/
1096,26,.,10,.,77,.,247873425,/
1097,9,.,10,.,65,.,284737336,/
1098,33,.,9,.,84,.,286496444,/
1099,7,.,0,.,58,.,225149376,/
1100,49,.,109,.,108,.,247351663,/
1101,45,.,9,.,96,.,221961123,/
1102,46,.,490,.,105,.,229500744,/
1103,50,.,7,.,103,.,209474141,/
1104,18,.,0,.,72,.,295378597,/
1105,48,.,5,.,107,.,279240384,/
1106,25,.,490,.,80,.,253149707,/
1107,33,.,9,.,84,.,240350293,/
1108,41,.,5,.,92,.,213588350,/
1109,27,.,10,.,86,.,212633523,/
1110,35,.,65,.,86,.,233435536,/
1111,19,.,30,.,74,.,248324021,/
1112,18,.,5,.,79,.,225867044,/
1113,50,.,2,.,111,.,283458737,/
1114,31,.,30,.,86,.,258022837,/
1115,40,.,9,.,91,.,265503674,/
1116,34,.,20,.,93,.,292757466,/
1117,50,.,55,.,105,.,257472204,/
1118,46,.,19,.,105,.,259364327,/
1119,42,.,3,.,101,.,209804104,/
1120,47,.,9,.,98,.,227909713,/
1121,25,.,30,.,79,.,255088232,/
1122,10,.,360,.,64,.,242364091,/
1123,49,.,444,.,108,.,225942317,/
1124,10,.,250,.,71,.,262911414,/
1125,27,.,1,.,76,.,295396128,/
1126,25,.,9,.,76,.,260886276,/
1127,27,.,500,.,78,.,206747824,/
1128,49,.,9,.,100,.,279379590,/
1129,16,.,10,.,75,.,226376424,/
1130,47,.,150,.,102,.,230727792,/
1131,10,.,7,.,65,.,256344151,/
1132,46,.,120,.,97,.,240414226,/
1133,46,.,9,.,97,.,225930977,/
1134,29,.,10,.,80,.,278083460,/
1135,31,.,10,.,82,.,213860571,/
1136,11,.,150,.,68,.,288186470,/
1137,12,.,10,.,71,.,274090926,/
1138,24,.,20,.,83,.,280930410,/
1139,11,.,7,.,64,.,246524702,/
1140,50,.,25,.,103,.,272094659,/
1141,35,.,500,.,86,.,3410144737,/
1142,19,.,250,.,78,.,289783692,/
1143,47,.,135,.,101,.,221794088,/
1144,40,.,9,.,91,.,229316178,/
1145,23,.,90,.,84,.,252531034,/
1146,9,.,200,.,60,.,225341175,/
1147,19,.,150,.,74,.,277655544,/
1148,20,.,55,.,81,.,244366549,/
1149,47,.,15,.,98,.,254365415,/
1150,40,.,60,.,94,.,293434923,/
1151,39,.,0,.,94,.,201084879,/
1152,40,.,60,.,95,.,285478726,/
1153,14,.,0,.,64,.,274959140,/
1154,50,.,10,.,103,.,227499328,/
1155,35,.,9,.,86,.,263664144,/
1156,13,.,12,.,74,.,250193464,/
1157,16,.,60,.,67,.,265452123,/
1158,30,.,10,.,83,.,264647842,/
1159,50,.,15,.,101,.,226666176,/
1160,38,.,70,.,93,.,209532925,/
1161,9,.,150,.,64,.,259179761,/
1162,42,.,150,.,93,.,220422685,/
1163,36,.,10,.,90,.,249152024,/
1164,50,.,9,.,101,.,240212129,/
1165,17,.,3,.,76,.,255858493,/
1166,46,.,500,.,105,.,8084031552,/
1167,17,.,1,.,68,.,234356343,/
1168,45,.,9,.,96,.,237903430,/
1169,12,.,50,.,67,.,265961503,/
1170,35,.,15,.,89,.,243655072,/
1171,42,.,9,.,93,.,288001904,/
1172,24,.,10,.,75,.,247780621,/
1173,28,.,17,.,82,.,299921764,/
1174,14,.,350,.,65,.,229501786,/
1175,30,.,160,.,87,.,228726376,/
1176,30,.,80,.,89,.,275202490,/
1177,13,.,120,.,72,.,281625398,/
1178,7,.,30,.,58,.,295616798,/
1179,19,.,899,.,68,.,4911966039,/
1180,36,.,12,.,89,.,267813415,/
1181,22,.,22,.,81,.,273148481,/
1182,26,.,70,.,77,.,258069239,/
1183,44,.,7,.,97,.,264104442,/
1184,34,.,25,.,85,.,288661830,/
1185,49,.,45,.,103,.,211355966,/
1186,48,.,7,.,101,.,266563687,/
1187,50,.,30,.,101,.,273299027,/
1188,50,.,45,.,104,.,261975160,/
1189,43,.,5,.,96,.,236613491,/
1190,46,.,94,.,99,.,283865015,/
1191,10,.,55,.,61,.,291896485,/
1192,35,.,180,.,86,.,352082461,/
1193,37,.,865,.,90,.,208034698,/
1194,12,.,0,.,71,.,203370898,/
1195,9,.,3,.,60,.,299916615,/
1196,42,.,56,.,93,.,206842712,/
1197,14,.,435,.,65,.,228940855,/
1198,42,.,197,.,95,.,200182645,/
1199,28,.,35,.,79,.,233575784,/
1200,9,.,70,.,64,.,233668588,/
1201,32,.,0,.,93,.,222564349,/
1202,21,.,17,.,72,.,269520972,/
1203,43,.,620,.,94,.,262993920,/
1204,16,.,3,.,67,.,299870213,/
1205,33,.,40,.,84,.,296612878,/
1206,38,.,10,.,89,.,269711729,/
1207,15,.,5,.,66,.,228883113,/
1208,19,.,5,.,70,.,256032761,/
1209,32,.,599,.,91,.,280902581,/
1210,25,.,5,.,76,.,208260517,/
1211,25,.,5,.,76,.,268415599,/
1212,27,.,2,.,78,.,255228480,/
1213,44,.,350,.,103,.,208439934,/
1214,29,.,2,.,80,.,201108601,/
1215,37,.,2,.,88,.,260279985,/
1216,38,.,6,.,89,.,280977854,/
1217,23,.,50,.,78,.,277506040,/
1218,50,.,199,.,109,.,222014758,/
1219,27,.,60,.,88,.,204863976,/
1220,32,.,5,.,83,.,237661122,/
1221,12,.,10,.,71,.,210795035,/
1222,49,.,199,.,108,.,244888311,/
1223,46,.,5,.,97,.,3528483616,/
1224,44,.,1,.,103,.,248047693,/
1225,30,.,419,.,89,.,229184205,/
1226,13,.,5,.,64,.,248331254,/
1227,37,.,599,.,96,.,243250878,/
1228,38,.,15,.,89,.,285850984,/
1229,40,.,55,.,99,.,273068059,/
1230,48,.,219,.,107,.,266020287,/
1231,24,.,1,.,75,.,232598277,/
1232,44,.,499,.,103,.,260164501,/
1233,34,.,35,.,87,.,208295579,/
1234,31,.,16,.,82,.,260107801,/
1235,46,.,289,.,105,.,283946479,/
1236,16,.,45,.,67,.,271818331,/
1237,40,.,199,.,99,.,220603144,/
1238,39,.,205,.,98,.,200084692,/
1239,46,.,409,.,105,.,242001150,/
1240,8,.,2,.,61,.,227916946,/
1241,50,.,79,.,109,.,274202303,/
1242,43,.,5,.,94,.,238917041,/
1243,12,.,10,.,71,.,247619777,/
1244,25,.,5,.,76,.,264874703,/
1245,44,.,39,.,103,.,240496732,/
1246,22,.,20,.,75,.,266633811,/
1247,50,.,200,.,101,.,210488794,/
1248,37,.,599,.,96,.,220365985,/
1249,16,.,0,.,67,.,3999793202,/
1250,39,.,109,.,98,.,280908772,/
1251,12,.,10,.,71,.,219428689,/
1252,25,.,20,.,78,.,277795792,/
1253,47,.,189,.,98,.,253777697,/
1254,49,.,899,.,108,.,282251304,/
1255,26,.,30,.,77,.,243806660,/
1256,37,.,15,.,90,.,237053789,/
1257,43,.,40,.,98,.,241289673,/
1258,36,.,55,.,87,.,222825230,/
1259,20,.,30,.,77,.,240039945,/
1260,46,.,499,.,105,.,255877066,/
1261,24,.,510,.,75,.,6449983692,/
1262,45,.,239,.,104,.,258336311,/
1263,30,.,2,.,86,.,221263070,/
1264,19,.,160,.,70,.,277633906,/
1265,42,.,199,.,101,.,279734317,/
1266,17,.,210,.,68,.,242661076,/
1267,50,.,499,.,109,.,203695712,/
1268,45,.,2,.,104,.,205379547,/
1269,12,.,100,.,63,.,276621337,/
1270,44,.,2,.,103,.,230145223,/
1271,30,.,0,.,91,.,233975871,/
1272,32,.,60,.,83,.,272050341,/
1273,33,.,450,.,90,.,266281168,/
1274,39,.,980,.,98,.,264030211,/
1275,31,.,35,.,82,.,273658903,/
1276,21,.,59,.,80,.,270944968,/
1277,21,.,0,.,76,.,292551262,/
1278,24,.,600,.,75,.,205680639,/
1279,47,.,499,.,106,.,215453686,/
1280,42,.,420,.,101,.,235659706,/
1281,46,.,550,.,105,.,262705210,/
1282,22,.,40,.,73,.,252741406,/
1283,48,.,549,.,107,.,220476320,/
1284,37,.,0,.,90,.,214817482,/
1285,48,.,3,.,107,.,269724111,/
1286,18,.,75,.,69,.,285654036,/
1287,48,.,299,.,107,.,213816253,/
1288,6,.,50,.,57,.,258608532,/
1289,36,.,3,.,95,.,277830854,/
1290,48,.,66,.,107,.,281198524,/
1291,31,.,369,.,90,.,223114982,/
1292,50,.,1,.,109,.,224694673,/
1293,21,.,800,.,72,.,213266662,/
1294,36,.,0,.,89,.,257671236,/
1295,45,.,10,.,104,.,206936558,/
1296,48,.,129,.,107,.,263914727,/
1297,47,.,15,.,98,.,276448111,/
1298,37,.,15,.,88,.,204477313,/
1299,44,.,15,.,95,.,247765174,/
1300,37,.,15,.,88,.,244964626,/
1301,34,.,1,.,93,.,256855615,/
1302,20,.,5,.,74,.,219886518,/
1303,47,.,0,.,106,.,0,/
1304,30,.,170,.,91,.,267421603,/
1305,26,.,200,.,77,.,226922950,/
1306,21,.,150,.,72,.,298714331,/
1307,46,.,0,.,99,.,282263686,/
1308,37,.,13,.,88,.,242673458,/
1309,37,.,35,.,88,.,288165874,/
1310,16,.,0,.,70,.,0,/
1311,41,.,150,.,92,.,296556178,/
1312,19,.,15,.,68,.,240081198,/
1313,31,.,230,.,85,.,245416264,/
1314,32,.,8,.,83,.,201995388,/
1315,26,.,290,.,77,.,295155904,/
1316,29,.,140,.,83,.,270268553,/
1317,15,.,40,.,68,.,246504106,/
1318,41,.,60,.,102,.,215437197,/
1319,9,.,0,.,68,.,203262647,/
1320,33,.,5,.,84,.,294027851,/
1321,22,.,60,.,71,.,255878108,/
1322,40,.,199,.,99,.,248263214,/
1323,35,.,10,.,86,.,220836196,/
1324,27,.,25,.,80,.,250387347,/
1325,48,.,769,.,107,.,228624316,/
1326,41,.,60,.,100,.,206005453,/
1327,5,.,200,.,60,.,230070992,/
1328,48,.,99,.,107,.,247817767,/
1329,48,.,499,.,107,.,259708756,/
1330,9,.,2,.,60,.,237894174,/
1331,48,.,0,.,107,.,228074725,/
1332,32,.,6,.,83,.,288721656,/
1333,19,.,15,.,76,.,275922242,/
1334,28,.,6,.,79,.,291985182,/
1335,26,.,6,.,77,.,255507934,/
1336,50,.,22,.,109,.,294525891,/
1337,23,.,6,.,74,.,291285045,/
1338,25,.,6,.,76,.,265998649,/
1339,45,.,699,.,104,.,237865303,/
1340,28,.,10,.,79,.,269962312,/
1341,21,.,20,.,78,.,297111960,/
1342,24,.,4,.,83,.,239237748,/
1343,9,.,199,.,60,.,298095658,/
1344,18,.,10,.,68,.,207214970,/
1345,15,.,5,.,66,.,270141729,/
1346,46,.,79,.,105,.,236256741,/
1347,19,.,140,.,75,.,261126561,/
1348,14,.,220,.,70,.,211253906,/
1349,37,.,9,.,88,.,207677948,/
1350,41,.,330,.,100,.,254674782,/
1351,37,.,10,.,88,.,250502831,/
1352,26,.,270,.,85,.,214800993,/
1353,9,.,169,.,60,.,227004414,/
1354,38,.,95,.,97,.,210374352,/
1355,25,.,50,.,76,.,255346048,/
1356,19,.,200,.,68,.,295474527,/
1357,38,.,249,.,97,.,281124293,/
1358,22,.,10,.,73,.,220656779,/
1359,9,.,20,.,62,.,205785825,/
1360,44,.,119,.,103,.,245734887,/
1361,25,.,280,.,81,.,213609007,/
1362,48,.,890,.,107,.,220552635,/
1363,9,.,5,.,60,.,281795559,/
1364,33,.,5,.,84,.,206197252,/
1365,43,.,4,.,92,.,265779021,/
1366,17,.,5,.,68,.,200317744,/
1367,49,.,369,.,108,.,204385551,/
1368,39,.,5,.,90,.,200705449,/
1369,9,.,25,.,62,.,258088854,/
1370,15,.,5,.,66,.,245289440,/
1371,25,.,220,.,76,.,213423399,/
1372,49,.,490,.,108,.,214876266,/
1373,27,.,10,.,78,.,260339811,/
1374,12,.,5,.,63,.,219198763,/
1375,40,.,10,.,96,.,243056014,/
1376,44,.,8,.,101,.,297332630,/
1377,23,.,200,.,74,.,292975071,/
1378,17,.,15,.,76,.,213105818,/
1379,9,.,50,.,64,.,218440884,/
1380,24,.,15,.,83,.,249062346,/
1381,41,.,24,.,103,.,266496689,/
1382,44,.,280,.,95,.,206492153,/
1383,10,.,50,.,69,.,296747977,/
1384,29,.,200,.,80,.,233451044,/
1385,11,.,140,.,60,.,234596628,/
1386,37,.,20,.,90,.,250659568,/
1387,2,.,5,.,55,.,250838985,/
1388,25,.,200,.,78,.,219488515,/
1389,16,.,150,.,70,.,251556653,/
1390,39,.,168,.,93,.,9487117750,/
1391,34,.,25,.,85,.,252748639,/
1392,50,.,325,.,103,.,228758373,/
1393,39,.,25,.,90,.,221322896,/
1394,29,.,40,.,80,.,236685699,/
1395,32,.,0,.,87,.,0,/
1396,13,.,190,.,62,.,283358761,/
1397,39,.,124,.,92,.,235881418,/
1398,6,.,70,.,61,.,214662829,/
1399,14,.,0,.,75,.,241812477,/
1400,45,.,296,.,98,.,251915487,/
1401,16,.,0,.,77,.,228521214,/
1402,44,.,78,.,97,.,285204482,/
1403,12,.,1,.,73,.,271259484,/
1404,50,.,0,.,111,.,0,/
1405,43,.,635,.,96,.,253749868,/
1406,21,.,45,.,72,.,9554087552,/
1407,16,.,5,.,75,.,240250317,/
1408,47,.,390,.,98,.,299676391,/
1409,31,.,6,.,90,.,251250412,/
1410,36,.,5,.,95,.,236361927,/
1411,33,.,50,.,92,.,218615152,/
1412,18,.,2,.,77,.,8347352024,/
1413,18,.,40,.,73,.,209987689,/
1414,15,.,5,.,74,.,260427466,/
1415,14,.,1,.,65,.,269279706,/
1416,14,.,50,.,70,.,214234913,/
1417,36,.,10,.,87,.,203165736,/
1418,8,.,0,.,62,.,0,/
1419,18,.,10,.,77,.,203431766,/
1420,16,.,400,.,69,.,273099014,/
1421,31,.,0,.,82,.,260994588,/
1422,5,.,0,.,56,.,213957543,/
1423,13,.,200,.,64,.,247142394,/
1424,48,.,3,.,99,.,0,/
1425,43,.,10,.,100,.,252969309,/
1426,24,.,15,.,79,.,208194561,/
1427,50,.,4,.,101,.,287461630,/
1428,18,.,2,.,69,.,298056489,/
1429,20,.,0,.,74,.,261191536,/
1430,20,.,0,.,74,.,292304847,/
1431,31,.,20,.,87,.,255723455,/
1432,20,.,79,.,79,.,212615011,/
1433,48,.,10,.,99,.,215282544,/
1434,17,.,0,.,71,.,237097126,/
1435,31,.,0,.,85,.,256811297,/
1436,13,.,110,.,72,.,218129494,/
1437,26,.,120,.,79,.,285332348,/
1438,47,.,5,.,102,.,272353517,/
1439,24,.,30,.,75,.,266497731,/
1440,39,.,19,.,94,.,218829631,/
1441,50,.,29,.,105,.,299399021,/
1442,33,.,700,.,92,.,6372891073,/
1443,23,.,65,.,74,.,256961843,/
1444,23,.,5,.,82,.,9405133681,/
1445,15,.,120,.,66,.,224940107,/
1446,50,.,10,.,101,.,273835255,/
1447,46,.,20,.,97,.,284678613,/
1448,11,.,1,.,64,.,235714383,/
1449,30,.,20,.,83,.,221931271,/
1450,30,.,29,.,81,.,238729410,/
1451,35,.,9,.,86,.,261076052,/
1452,41,.,100,.,94,.,213483225,/
1453,45,.,150,.,98,.,298224566,/
1454,47,.,0,.,106,.,268586802,/
1455,36,.,135,.,87,.,203276071,/
1456,25,.,8,.,76,.,266202830,/
1457,42,.,10,.,97,.,230813424,/
1458,38,.,50,.,91,.,292756485,/
1459,42,.,50,.,95,.,201667509,/
1460,39,.,9,.,90,.,234568799,/
1461,36,.,50,.,89,.,269049780,/
1462,13,.,5,.,72,.,124234821,/
1463,6,.,5,.,65,.,117395337,/
1464,23,.,5,.,82,.,144440841,/
1465,12,.,5,.,71,.,139956458,/
1466,37,.,15,.,88,.,277960804,/
1467,29,.,5,.,88,.,122805676,/
1468,24,.,14,.,77,.,153322994,/
1469,48,.,10,.,103,.,283504158,/
1470,46,.,15,.,101,.,235135921,/
1471,50,.,10,.,105,.,206690143,/
1472,50,.,30,.,105,.,247518759,/
1473,50,.,1,.,101,.,278215494,/
1474,40,.,1,.,99,.,277127652,/
1475,12,.,0,.,63,.,212488187,/
1476,7,.,500,.,58,.,221445613,/
1477,39,.,400,.,94,.,223262463,/
1478,24,.,15,.,79,.,257355739,/
1479,41,.,17,.,92,.,203027572,/
1480,48,.,30,.,103,.,243960332,/
1481,31,.,16,.,82,.,282017271,/
1482,29,.,5,.,80,.,239788381,/
1483,44,.,0,.,95,.,3176292269,/
1484,50,.,9,.,101,.,212638733,/
1485,14,.,19,.,65,.,256239026,/
1486,27,.,150,.,78,.,211238459,/
1487,50,.,5,.,109,.,235020437,/
1488,46,.,3,.,105,.,273465081,/
1489,49,.,3,.,108,.,275253060,/
1490,50,.,1,.,109,.,209242192,/
1491,13,.,10,.,64,.,229760644,/
1492,20,.,4,.,73,.,216081676,/
1493,31,.,60,.,82,.,275044772,/
1494,18,.,65,.,67,.,171960663,/
1495,18,.,5,.,72,.,128748075,/
1496,49,.,30,.,100,.,117244791,/
1497,24,.,150,.,75,.,114160682,/
1498,41,.,15,.,100,.,172736073,/
1499,38,.,9,.,89,.,177087441,/
1500,22,.,23,.,73,.,109988731,/
1501,32,.,14,.,83,.,116128078,/
1502,20,.,180,.,79,.,101407670,/
1503,50,.,5,.,101,.,128615060,/
1504,36,.,0,.,91,.,134650263,/
1505,20,.,5,.,79,.,105712636,/
1506,25,.,22,.,76,.,108380169,/
1507,2,.,10,.,53,.,190037401,/
1508,50,.,10,.,109,.,178638261,/
1509,11,.,200,.,62,.,198068871,/
1510,13,.,100,.,64,.,100244555,/
1511,35,.,4,.,94,.,116145609,/
1512,28,.,5,.,87,.,106279758,/
1513,24,.,15,.,83,.,110243421,/
1514,2,.,5,.,53,.,115503214,/
1515,28,.,5,.,87,.,122626259,/
1516,2,.,5,.,53,.,164646861,/
1517,6,.,5,.,65,.,145216251,/
1518,19,.,30,.,70,.,108739003,/
1519,36,.,9,.,87,.,0,/
1520,14,.,5,.,73,.,169385934,/
1521,41,.,25,.,92,.,134204816,/
1522,21,.,200,.,78,.,384104197,/
1523,24,.,5,.,83,.,128945023,/
1524,26,.,5,.,85,.,100395101,/
1525,6,.,0,.,67,.,0,/
1526,42,.,10,.,95,.,170549049,/
1527,24,.,5,.,75,.,0,/
1528,24,.,5,.,83,.,140419436,/
1529,9,.,10,.,62,.,151610288,/
1530,18,.,10,.,71,.,103762771,/
1531,30,.,25,.,81,.,109977391,/
1532,33,.,450,.,84,.,177672094,/
1533,29,.,90,.,84,.,139898716,/
1534,9,.,15,.,62,.,119455537,/
1535,40,.,7,.,91,.,0,/
1536,19,.,390,.,76,.,122123070,/
1537,36,.,9,.,87,.,0,/
1538,11,.,10,.,64,.,143029227,/
1539,25,.,150,.,80,.,101963452,/
1540,42,.,60,.,93,.,124865876,/
1541,50,.,65,.,101,.,199967185,/
1542,21,.,250,.,76,.,164832469,/
1543,39,.,15,.,90,.,195482802,/
1544,40,.,60,.,91,.,104110265,/
1545,32,.,15,.,83,.,195974651,/
1546,20,.,3,.,75,.,163848771,/
1547,39,.,20,.,92,.,194886809,/
1548,9,.,5,.,60,.,197062493,/
1549,44,.,35,.,99,.,171226506,/
1550,23,.,120,.,74,.,144314017,/
1551,42,.,10,.,95,.,146877406,/
1552,34,.,15,.,85,.,113067691,/
1553,30,.,10,.,83,.,108895740,/
1554,19,.,30,.,70,.,147756960,/
1555,17,.,50,.,71,.,187989583,/
1556,36,.,18,.,89,.,160631647,/
1557,22,.,170,.,75,.,165087159,/
1558,9,.,400,.,62,.,158635380,/
1559,35,.,5,.,88,.,146715520,/
1560,20,.,6,.,75,.,180108659,/
1561,18,.,55,.,77,.,111609675,/
1562,39,.,0,.,98,.,131711551,/
1563,32,.,6,.,85,.,156297810,/
1564,17,.,0,.,66,.,153601406,/
1565,29,.,500,.,82,.,150129592,/
1566,24,.,95,.,75,.,195517864,/
1567,35,.,2,.,86,.,104249471,/
1568,30,.,475,.,89,.,194430022,/
1569,31,.,5,.,82,.,188857797,/
1570,21,.,40,.,80,.,106425155,/
1571,23,.,12,.,76,.,159248904,/
1572,29,.,70,.,82,.,169351914,/
1573,41,.,17,.,96,.,117511863,/
1574,31,.,170,.,86,.,167703141,/
1575,7,.,4,.,68,.,136034048,/
1576,15,.,40,.,74,.,249816118,/
1577,21,.,10,.,80,.,149504728,/
1578,39,.,15,.,98,.,109659810,/
1579,18,.,3,.,77,.,119866964,/
1580,7,.,0,.,68,.,0,/
1581,33,.,3,.,92,.,169710748,/
1582,29,.,5,.,80,.,107716136,/
1583,45,.,10,.,96,.,150251267,/
1584,42,.,8,.,95,.,105771420,/
1585,27,.,25,.,86,.,160874997,/
1586,14,.,10,.,67,.,155123355,/
1587,33,.,3,.,92,.,124993742,/
1588,33,.,7,.,86,.,130537096,/
1589,28,.,4,.,87,.,120121654,/
1590,35,.,10,.,88,.,156494758,/
1591,23,.,40,.,82,.,139448120,/
1592,35,.,25,.,100,.,117349977,/
1593,31,.,5,.,82,.,149881093,/
1594,17,.,3,.,76,.,197323374,/
1595,33,.,10,.,86,.,157970305,/
1596,12,.,30,.,61,.,108618370,/
1597,32,.,14,.,99,.,151026677,/
1598,27,.,40,.,86,.,181439851,/
1599,11,.,5,.,72,.,102450152,/
1600,36,.,6,.,95,.,191438717,/
1601,27,.,40,.,80,.,176180058,/
1602,21,.,26,.,82,.,142086782,/
1603,49,.,20,.,102,.,132371477,/
1604,50,.,50,.,101,.,177279240,/
1605,8,.,10,.,57,.,143562329,/
1606,17,.,15,.,66,.,128691375,/
1607,23,.,7,.,82,.,152965202,/
1608,45,.,10,.,98,.,194673372,/
1609,29,.,4,.,80,.,139569795,/
1610,21,.,400,.,78,.,131017605,/
1611,48,.,60,.,103,.,122881991,/
1612,26,.,1,.,77,.,119126616,/
1613,39,.,7,.,98,.,104255662,/
1614,35,.,5,.,88,.,108502886,/
1615,33,.,25,.,92,.,125728941,/
1616,19,.,5,.,70,.,174305466,/
1617,23,.,18,.,74,.,195362169,/
1618,23,.,3,.,77,.,462848401,/
1619,17,.,4,.,76,.,7048765534,/
1620,27,.,5,.,78,.,182175050,/
1621,31,.,5,.,84,.,182203921,/
1622,37,.,10,.,88,.,165979095,/
1623,48,.,7,.,101,.,176319264,/
1624,34,.,800,.,95,.,196212852,/
1625,13,.,5,.,64,.,184426007,/
1626,23,.,10,.,74,.,160435741,/
1627,12,.,450,.,63,.,137683863,/
1628,8,.,5,.,59,.,142584822,/
1629,23,.,3,.,77,.,152091839,/
1630,8,.,5,.,59,.,130381401,/
1631,19,.,350,.,80,.,184888985,/
1632,42,.,12,.,95,.,104007163,/
1633,41,.,20,.,92,.,182655559,/
1634,41,.,1,.,94,.,196438671,/
1635,13,.,100,.,64,.,155297623,/
1636,25,.,5,.,80,.,161020394,/
1637,42,.,5,.,95,.,163792071,/
1638,18,.,0,.,77,.,4638780878,/
1639,21,.,0,.,76,.,0,/
1640,15,.,30,.,72,.,191792402,/
1641,50,.,10,.,103,.,165834740,/
1642,10,.,3,.,63,.,173367128,/
1643,37,.,4,.,92,.,141919747,/
1644,9,.,10,.,63,.,107438766,/
1645,12,.,70,.,73,.,104325786,/
1646,11,.,10,.,62,.,160829637,/
1647,5,.,40,.,59,.,194610481,/
1648,16,.,0,.,67,.,7251961940,/
1649,21,.,149,.,72,.,191185069,/
1650,19,.,20,.,70,.,104013354,/
1651,19,.,50,.,80,.,102925512,/
1652,36,.,52,.,89,.,121343553,/
1653,29,.,4,.,82,.,178339253,/
1654,7,.,50,.,58,.,121835402,/
1655,35,.,50,.,88,.,177043123,/
1656,12,.,60,.,61,.,0,/
1657,9,.,200,.,60,.,143233408,/
1658,27,.,775,.,83,.,111286945,/
1659,34,.,870,.,87,.,112733621,/
1660,14,.,20,.,73,.,116054889,/
1661,23,.,0,.,76,.,183945498,/
1662,19,.,700,.,72,.,132106489,/
1663,27,.,5,.,80,.,166616341,/
1664,18,.,12,.,71,.,180191165,/
1665,32,.,4,.,85,.,111379749,/
1666,16,.,200,.,71,.,144848161,/
1667,21,.,70,.,75,.,197047046,/
1668,26,.,120,.,79,.,118473923,/
1669,48,.,325,.,101,.,103290537,/
1670,25,.,6,.,78,.,147486823,/
1671,25,.,700,.,76,.,171448218,/
1672,12,.,25,.,71,.,138905762,/
1673,23,.,10,.,78,.,122842822,/
1674,10,.,30,.,64,.,151363873,/
1675,29,.,0,.,83,.,113798783,/
1676,29,.,75,.,88,.,118850288,/
1677,34,.,12,.,87,.,182268896,/
1678,16,.,0,.,75,.,101387074,/
1679,29,.,8,.,80,.,174416843,/
1680,6,.,220,.,55,.,185920127,/
1681,32,.,8,.,83,.,119700971,/
1682,24,.,13,.,83,.,172704137,/
1683,37,.,100,.,90,.,180035470,/
1684,23,.,10,.,74,.,182598859,/
1685,20,.,1,.,71,.,186713068,/
1686,16,.,10,.,75,.,120910488,/
1687,24,.,20,.,75,.,131638362,/
1688,6,.,60,.,63,.,110628061,/
1689,43,.,30,.,96,.,137285860,/
1690,24,.,45,.,75,.,219259570,/
1691,20,.,60,.,71,.,141220652,/
1692,15,.,200,.,70,.,103863850,/
1693,50,.,1,.,101,.,483246220,/
1694,41,.,200,.,100,.,174480776,/
1695,23,.,1,.,82,.,113937989,/
1696,10,.,25,.,69,.,190647860,/
1697,18,.,30,.,69,.,183154641,/
1698,11,.,3,.,70,.,190827277,/
1699,35,.,12,.,86,.,101138575,/
1700,22,.,300,.,73,.,122403566,/
1701,17,.,3,.,76,.,184763203,/
1702,11,.,50,.,70,.,161368930,/
1703,9,.,1,.,68,.,126575517,/
1704,40,.,10,.,93,.,168804407,/
1705,21,.,3,.,80,.,101497409,/
1706,21,.,85,.,76,.,127142639,/
1707,39,.,179,.,92,.,156080266,/
1708,26,.,12,.,79,.,191053096,/
1709,19,.,40,.,70,.,189548678,/
1710,9,.,5,.,66,.,147736364,/
1711,40,.,32,.,93,.,195404464,/
1712,20,.,450,.,69,.,0,/
1713,37,.,0,.,88,.,0,/
1714,18,.,3,.,77,.,148615918,/
1715,40,.,15,.,99,.,183785696,/
1716,21,.,3,.,80,.,185735561,/
1717,18,.,5,.,69,.,196567579,/
1718,18,.,2,.,71,.,162057727,/
1719,17,.,12,.,76,.,147082629,/
1720,14,.,30,.,65,.,182622581,/
1721,40,.,20,.,99,.,166200807,/
1722,37,.,55,.,96,.,165084094,/
1723,26,.,150,.,79,.,0,/
1724,16,.,14,.,69,.,165263511,/
1725,18,.,5,.,69,.,105883839,/
1726,47,.,30,.,98,.,101995449,/
1727,15,.,1,.,68,.,108655516,/
1728,25,.,0,.,79,.,0,/
1729,30,.,12,.,89,.,147100160,/
1730,35,.,100,.,94,.,171941109,/
1731,21,.,25,.,74,.,148101389,/
1732,15,.,15,.,68,.,107255242,/
1733,17,.,7,.,68,.,131141364,/
1734,15,.,20,.,68,.,113990582,/
1735,28,.,0,.,87,.,0,/
1736,28,.,199,.,84,.,189479596,/
1737,29,.,110,.,82,.,199657879,/
1738,26,.,80,.,77,.,186858465,/
1739,30,.,10,.,81,.,134989543,/
1740,33,.,110,.,92,.,185221032,/
1741,47,.,59,.,103,.,138403615,/
1742,22,.,50,.,83,.,136719780,/
1743,28,.,0,.,87,.,133739815,/
1744,9,.,950,.,60,.,181379044,/
1745,34,.,5,.,85,.,0,/
1746,40,.,20,.,99,.,161248297,/
1747,26,.,20,.,77,.,195625134,/
1748,36,.,19,.,97,.,198888660,/
1749,17,.,70,.,68,.,117098413,/
1750,34,.,14,.,85,.,145752479,/
1751,11,.,1,.,66,.,197876091,/
1752,31,.,17,.,82,.,112151052,/
1753,10,.,10,.,61,.,140764907,/
1754,35,.,15,.,86,.,132536489,/
1755,30,.,6,.,83,.,137304433,/
1756,9,.,5,.,65,.,133520187,/
1757,46,.,1,.,97,.,181396575,/
1758,25,.,600,.,84,.,111109612,/
1759,46,.,1,.,97,.,178312466,/
1760,30,.,4,.,81,.,130331934,/
1761,46,.,1,.,97,.,158777712,/
1762,46,.,1,.,97,.,146574291,/
1763,48,.,1,.,99,.,176779177,/
1764,33,.,10,.,86,.,162324799,/
1765,22,.,450,.,73,.,171907089,/
1766,4,.,15,.,55,.,188074173,/
1767,34,.,26,.,87,.,103049271,/
1768,12,.,5,.,69,.,133612991,/
1769,21,.,100,.,76,.,189416705,/
1770,43,.,600,.,94,.,164234453,/
1771,17,.,70,.,70,.,146099973,/
1772,6,.,80,.,59,.,101278823,/
1773,39,.,20,.,88,.,168169245,/
1774,20,.,700,.,75,.,151093736,/
1775,35,.,10,.,88,.,177572118,/
1776,24,.,40,.,83,.,141378431,/
1777,17,.,10,.,72,.,108581285,/
1778,32,.,230,.,87,.,120368130,/
1779,28,.,150,.,79,.,172584546,/
1780,24,.,10,.,75,.,101996491,/
1781,21,.,1,.,80,.,129892678,/
1782,28,.,5,.,77,.,103651455,/
1783,38,.,1,.,92,.,151603116,/
1784,45,.,10,.,98,.,131993089,/
1785,46,.,1,.,97,.,186188241,/
1786,40,.,12,.,89,.,150902979,/
1787,48,.,20,.,101,.,194607416,/
1788,50,.,0,.,101,.,137895277,/
1789,7,.,60,.,62,.,112012888,/
1790,35,.,900,.,94,.,130951649,/
1791,29,.,15,.,82,.,178023756,/
1792,46,.,1,.,97,.,195949948,/
1793,48,.,1,.,99,.,113980284,/
1794,50,.,1,.,101,.,178770295,/
1795,46,.,145,.,97,.,111671585,/
1796,11,.,140,.,64,.,131565173,/
1797,35,.,10,.,92,.,116618946,/
1798,25,.,35,.,84,.,121178602,/
1799,21,.,28,.,72,.,150909170,/
1800,12,.,1,.,61,.,108471992,/
1801,32,.,40,.,83,.,179233273,/
1802,46,.,473,.,99,.,191124262,/
1803,18,.,300,.,71,.,125188667,/
1804,16,.,10,.,73,.,192391521,/
1805,29,.,90,.,82,.,148687084,/
1806,20,.,1,.,77,.,197130594,/
1807,42,.,50,.,101,.,195938608,/
1808,32,.,6,.,85,.,176999847,/
1809,38,.,40,.,97,.,121763255,/
1810,44,.,70,.,98,.,140956706,/
1811,40,.,100,.,91,.,164443783,/
1812,16,.,20,.,67,.,113239936,/
1813,43,.,595,.,96,.,8925420428,/
1814,16,.,45,.,67,.,157870329,/
1815,24,.,450,.,73,.,142565268,/
1816,24,.,380,.,77,.,100052817,/
1817,43,.,10,.,94,.,107875999,/
1818,15,.,25,.,74,.,100336378,/
1819,50,.,10,.,103,.,199248536,/
1820,21,.,5,.,72,.,101783054,/
1821,24,.,40,.,75,.,148675744,/
1822,43,.,15,.,94,.,156707214,/
1823,28,.,0,.,87,.,112661474,/
1824,32,.,20,.,83,.,119917534,/
1825,48,.,15,.,99,.,135563898,/
1826,9,.,120,.,65,.,165977072,/
1827,31,.,3,.,82,.,142420913,/
1828,19,.,30,.,72,.,161388545,/
1829,37,.,40,.,90,.,106209695,/
1830,27,.,10,.,80,.,175588233,/
1831,24,.,270,.,83,.,127295269,/
1832,26,.,10,.,77,.,120531058,/
1833,16,.,500,.,67,.,197240929,/
1834,34,.,1,.,85,.,1605860946,/
1835,47,.,5,.,98,.,174650937,/
1836,40,.,599,.,93,.,131826054,/
1837,29,.,8,.,80,.,107239795,/
1838,12,.,50,.,65,.,150944232,/
1839,26,.,85,.,75,.,9038983851,/
1840,23,.,10,.,74,.,157725974,/
1841,17,.,0,.,70,.,158842687,/
1842,25,.,130,.,80,.,160005802,/
1843,23,.,25,.,82,.,113917393,/
1844,6,.,50,.,65,.,155833851,/
1845,8,.,75,.,67,.,144822416,/
1846,25,.,170,.,76,.,194174351,/
1847,20,.,15,.,71,.,110729140,/
1848,47,.,355,.,100,.,136895090,/
1849,8,.,20,.,63,.,121919992,/
1850,24,.,650,.,75,.,124483381,/
1851,45,.,355,.,98,.,155700836,/
1852,28,.,8,.,81,.,100880820,/
1853,28,.,0,.,83,.,164195284,/
1854,5,.,299,.,56,.,111655096,/
1855,49,.,350,.,104,.,132665397,/
1856,38,.,5,.,99,.,194012465,/
1857,19,.,180,.,70,.,191420205,/
1858,39,.,10,.,92,.,180825346,/
1859,37,.,220,.,96,.,106470576,/
1860,45,.,100,.,106,.,112818211,/
1861,10,.,30,.,61,.,166388499,/
1862,40,.,50,.,101,.,186235685,/
1863,20,.,20,.,81,.,129835978,/
1864,29,.,0,.,80,.,160741001,/
1865,8,.,10,.,63,.,161070964,/
1866,37,.,0,.,86,.,178563049,/
1867,8,.,250,.,69,.,191663555,/
1868,26,.,20,.,77,.,192137873,/
1869,14,.,12,.,67,.,198474168,/
1870,40,.,12,.,93,.,132370496,/
1871,26,.,3,.,81,.,102304816,/
1872,28,.,1,.,79,.,123743033,/
1873,28,.,0,.,77,.,137572547,/
1874,31,.,2,.,82,.,140969088,/
1875,33,.,400,.,88,.,149301650,/
1876,13,.,0,.,66,.,178268148,/
1877,23,.,3,.,82,.,147334254,/
1878,11,.,550,.,65,.,196495432,/
1879,18,.,0,.,79,.,106297350,/
1880,41,.,3,.,94,.,125982650,/
1881,40,.,3,.,93,.,173621879,/
1882,13,.,25,.,64,.,176601844,/
1883,14,.,0,.,67,.,0,/
1884,19,.,10,.,80,.,104451629,/
1885,42,.,240,.,96,.,104110326,/
1886,36,.,0,.,87,.,195124029,/
1887,17,.,10,.,68,.,169658216,/
1888,9,.,30,.,60,.,194319748,/
1889,28,.,0,.,89,.,0,/
1890,29,.,60,.,80,.,100354951,/
1891,27,.,150,.,86,.,167349517,/
1892,36,.,20,.,97,.,153849966,/
1893,18,.,45,.,77,.,122244806,/
1894,21,.,320,.,76,.,126804462,/
1895,28,.,5,.,84,.,113125494,/
1896,8,.,25,.,62,.,3699186052,/
1897,50,.,5,.,101,.,157217636,/
1898,8,.,6,.,62,.,3657269594,/
1899,28,.,700,.,81,.,107940974,/
1900,30,.,180,.,85,.,162552702,/
1901,28,.,1,.,84,.,159781025,/
1902,39,.,0,.,94,.,145940171,/
1903,30,.,8,.,86,.,161256572,/
1904,49,.,10,.,105,.,159364449,/
1905,14,.,80,.,73,.,124750453,/
1906,11,.,10,.,72,.,135941305,/
1907,12,.,180,.,71,.,179749886,/
1908,28,.,30,.,81,.,107495527,/
1909,23,.,2,.,82,.,168454890,/
1910,22,.,480,.,76,.,143868631,/
1911,5,.,300,.,60,.,100656043,/
1912,12,.,1,.,71,.,9750220617,/
1913,14,.,20,.,65,.,121070351,/
1914,19,.,25,.,70,.,113426586,/
1915,10,.,5,.,63,.,198868064,/
1916,29,.,15,.,90,.,110163060,/
1917,45,.,35,.,104,.,194979674,/
1918,30,.,390,.,89,.,6806489383,/
1919,12,.,0,.,67,.,148891265,/
1920,24,.,920,.,78,.,183655807,/
1921,37,.,310,.,92,.,623289830,/
1922,44,.,7,.,103,.,135287570,/
1923,11,.,50,.,70,.,168576565,/
1924,26,.,120,.,85,.,196085047,/
1925,34,.,2,.,87,.,141994039,/
1926,24,.,8,.,75,.,100644703,/
1927,49,.,667,.,102,.,126006372,/
1928,43,.,20,.,94,.,141265031,/
1929,24,.,6,.,75,.,150071911,/
1930,22,.,50,.,83,.,132012704,/
1931,24,.,10,.,85,.,128332602,/
1932,29,.,110,.,84,.,125323766,/
1933,24,.,10,.,85,.,175404709,/
1934,19,.,10,.,80,.,110973532,/
1935,7,.,10,.,66,.,110065107,/
1936,21,.,10,.,82,.,112449079,/
1937,16,.,20,.,67,.,116904591,/
1938,39,.,0,.,92,.,138510885,/
1939,29,.,15,.,90,.,161100877,/
1940,44,.,0,.,97,.,147109477,/
1941,20,.,0,.,73,.,150552420,/
1942,47,.,0,.,100,.,136694035,/
1943,40,.,1,.,93,.,9898175343,/
1944,25,.,120,.,76,.,152994134,/
1945,28,.,750,.,83,.,165915223,/
1946,11,.,300,.,64,.,190443740,/
1947,22,.,20,.,76,.,186821380,/
1948,41,.,3,.,94,.,141687798,/
1949,18,.,1,.,69,.,184720969,/
1950,24,.,5,.,83,.,125341297,/
1951,45,.,265,.,96,.,196299526,/
1952,19,.,310,.,70,.,106402536,/
1953,26,.,1,.,85,.,143238618,/
1954,33,.,0,.,84,.,0,/
1955,18,.,160,.,69,.,174843778,/
1956,31,.,120,.,86,.,120544482,/
1957,10,.,25,.,61,.,142538481,/
1958,14,.,1,.,69,.,161373098,/
1959,37,.,480,.,96,.,112617156,/
1960,9,.,0,.,70,.,162744501,/
1961,14,.,170,.,73,.,153029196,/
1962,10,.,190,.,61,.,4681526322,/
1963,29,.,110,.,80,.,103856678,/
1964,50,.,10,.,101,.,105303354,/
1965,35,.,95,.,91,.,174681892,/
1966,35,.,15,.,86,.,109475305,/
1967,18,.,2,.,71,.,138308788,/
1968,40,.,2,.,93,.,136416665,/
1969,48,.,35,.,99,.,106778901,/
1970,10,.,0,.,71,.,0,/
1971,5,.,0,.,54,.,149187208,/
1972,41,.,5,.,92,.,115198076,/
1973,30,.,3,.,81,.,132424131,/
1974,45,.,7,.,96,.,156518541,/
1975,50,.,5,.,109,.,185948017,/
1976,18,.,170,.,77,.,138847039,/
1977,20,.,256,.,79,.,118716292,/
1978,23,.,20,.,74,.,154985252,/
1979,40,.,8,.,91,.,196797566,/
1980,21,.,0,.,72,.,0,/
1981,43,.,349,.,94,.,155835935,/
1982,44,.,3,.,95,.,170006752,/
1983,26,.,0,.,77,.,4280314965,/
1984,50,.,19,.,101,.,134796763,/
1985,32,.,55,.,83,.,111014785,/
1986,35,.,15,.,94,.,128240840,/
1987,30,.,80,.,83,.,65592493,/
1988,34,.,250,.,90,.,5325067064,/
1989,31,.,1,.,85,.,199662047,/
1990,42,.,2,.,96,.,188158763,/
1991,13,.,123,.,68,.,16790149,/
1992,39,.,7,.,90,.,149922407,/
1993,47,.,4,.,98,.,174196234,/
1994,44,.,0,.,105,.,0,/
1995,17,.,120,.,66,.,173004248,/
1996,35,.,100,.,94,.,157537301,/
1997,14,.,20,.,73,.,132951042,/
1998,14,.,100,.,69,.,173079521,/
1999,9,.,150,.,64,.,130462926,/
